{"cameraMode":{"drawMode":0,"name":"Shaded","section":"Shading Mode"},"sceneLighting":true,"audioPlay":false,"sceneViewState":{"showFog":true,"showMaterialUpdate":false,"showSkybox":true,"showFlares":true,"showImageEffects":true,"showParticleSystems":true},"in2DMode":false,"pivot":{"x":11.139263153076172,"y":-7.711940765380859,"z":12.444297790527344},"rotation":{"x":-0.19445079565048219,"y":0.7840816974639893,"z":-0.30079418420791628,"w":-0.5068802833557129},"size":40.39429473876953,"orthographic":false}